City,2010,2011,2012,2013,2014,2015,2016,2017,2018,2019,2020
LOS ANGELES,"  542,661,105 ","  576,975,774 ","  569,572,568 ","  513,096,586 ","  462,203,720 ","  489,927,305 ","  577,624,448 ","  597,482,538 ","  553,325,286 ","  551,182,317 ","  434,124,374 "
SAN DIEGO,"  424,245,610 ","  435,507,017 ","  418,994,094 ","  350,573,480 ","  382,951,006 ","  429,738,409 ","  458,149,963 ","  478,402,573 ","  463,772,772 ","  454,951,806 ","  351,446,047 "
SACRAMENTO,"  236,687,858 ","  259,938,992 ","  260,349,538 ","  255,080,126 ","  174,054,379 ","  255,968,575 ","  278,560,889 ","  283,805,191 ","  264,019,029 ","  278,151,293 ","  245,128,423 "
SAN JOSE,"  264,375,195 ","  299,816,301 ","  292,742,725 ","  278,676,054 ","  218,224,534 ","  286,512,916 ","  324,059,453 ","  318,609,135 ","  298,305,348 ","  311,325,761 ","  234,628,392 "
BAKERSFIELD,"  190,670,544 ","  193,751,205 ","  193,930,997 ","  178,563,239 ","  168,800,299 ","  181,022,100 ","  221,473,122 ","  216,668,139 ","  204,619,282 ","  204,009,437 ","  190,635,868 "
FRESNO,"  149,737,869 ","  153,551,549 ","  156,402,195 ","  144,276,265 ","  108,242,443 ","  153,759,361 ","  184,727,100 ","  192,495,073 ","  176,222,847 ","  159,348,042 ","  155,966,931 "
RIVERSIDE,"  117,944,986 ","  119,783,639 ","  119,021,979 ","  115,580,252 ","  115,096,900 ","  127,251,421 ","  146,745,932 ","  147,909,028 ","  153,747,216 ","  143,093,281 ","  128,924,911 "
LONG BEACH,"  128,671,800 ","  128,655,637 ","  133,577,640 ","  121,448,936 ","  124,874,409 ","  120,041,337 ","  129,629,841 ","  129,204,330 ","  126,595,389 ","  125,408,525 ","  99,816,480 "
STOCKTON,"  107,301,937 ","  102,327,132 ","  96,311,073 ","  97,022,604 ","  79,808,881 ","  94,937,886 ","  108,957,411 ","  109,222,674 ","  101,692,190 ","  107,304,306 ","  97,239,818 "
ANAHEIM,"  127,992,577 ","  123,903,875 ","  129,192,528 ","  105,595,587 ","  95,717,934 ","  114,603,756 ","  136,457,019 ","  135,398,304 ","  128,541,952 ","  120,733,983 ","  91,626,038 "
SAN BERNARDINO,"  74,922,486 ","  86,087,525 ","  83,411,964 ","  80,689,241 ","  71,307,564 ","  80,666,851 ","  85,942,930 ","  96,247,903 ","  91,461,765 ","  86,831,500 ","  88,110,417 "
CHULA VISTA,"  85,802,026 ","  94,776,253 ","  85,600,338 ","  86,222,069 ","  78,873,279 ","  102,880,329 ","  111,260,882 ","  107,509,038 ","  111,682,568 ","  105,126,393 ","  85,893,837 "
CORONA,"  103,679,461 ","  111,471,846 ","  104,851,867 ","  107,771,726 ","  110,335,646 ","  110,546,720 ","  111,948,374 ","  122,223,456 ","  109,554,716 ","  113,455,981 ","  84,887,371 "
FONTANA,"  86,616,745 ","  83,683,456 ","  83,497,892 ","  76,837,801 ","  75,414,664 ","  78,389,902 ","  96,634,294 ","  93,612,503 ","  91,300,472 ","  97,503,390 ","  82,277,339 "
MODESTO,"  84,368,312 ","  77,233,692 ","  82,962,510 ","  66,437,809 ","  69,749,723 ","  95,663,966 ","  102,728,421 ","  106,816,170 ","  101,646,871 ","  88,626,355 ","  78,399,919 "
SAN FRANCISCO,"  111,876,085 ","  129,239,805 ","  127,449,219 ","  118,007,219 ","  71,180,851 ","  106,580,467 ","  119,731,046 ","  119,659,396 ","  104,608,929 ","  107,020,168 ","  76,195,788 "
ONTARIO,"  84,563,966 ","  92,898,761 ","  77,555,178 ","  78,407,757 ","  75,628,982 ","  69,977,567 ","  109,910,343 ","  97,928,966 ","  91,766,718 ","  84,368,149 ","  75,136,204 "
ESCONDIDO,"  74,411,751 ","  80,548,544 ","  74,555,786 ","  65,624,028 ","  62,151,959 ","  72,595,443 ","  77,380,669 ","  77,392,143 ","  77,484,548 ","  80,900,597 ","  71,205,880 "
OAKLAND,"  92,251,696 ","  89,955,407 ","  86,297,247 ","  78,128,278 ","  51,127,372 ","  73,418,041 ","  82,821,831 ","  88,950,520 ","  85,821,236 ","  79,634,573 ","  70,314,575 "
ROSEVILLE,"  62,779,124 ","  64,653,033 ","  70,039,261 ","  53,298,598 ","  54,640,977 ","  72,214,258 ","  79,654,512 ","  83,676,152 ","  77,596,344 ","  84,795,120 ","  68,876,116 "
OXNARD,"  68,485,831 ","  71,745,318 ","  63,711,983 ","  65,118,927 ","  63,909,050 ","  69,385,042 ","  72,473,371 ","  79,836,183 ","  84,641,415 ","  80,672,095 ","  67,925,238 "
SANTA ROSA,"  68,974,793 ","  68,300,677 ","  73,974,005 ","  76,144,161 ","  59,852,397 ","  70,228,297 ","  83,142,772 ","  82,932,019 ","  74,909,297 ","  76,001,455 ","  66,292,402 "
SANTA ANA,"  81,135,633 ","  74,723,462 ","  80,830,848 ","  71,960,746 ","  80,556,657 ","  80,885,835 ","  84,681,494 ","  84,019,079 ","  82,785,629 ","  85,517,548 ","  65,776,312 "
ELK GROVE,"  55,173,438 ","  50,253,619 ","  48,390,078 ","  44,851,249 ","  25,125,124 ","  54,816,450 ","  67,956,734 ","  58,564,818 ","  63,902,651 ","  77,426,148 ","  65,177,399 "
SALINAS,"  62,042,404 ","  74,026,300 ","  65,954,487 ","  59,968,903 ","  43,037,061 ","  73,486,069 ","  82,284,591 ","  72,710,555 ","  73,893,104 ","  70,570,434 ","  63,345,442 "
TORRANCE,"  82,287,873 ","  88,063,118 ","  79,792,771 ","  72,120,469 ","  75,382,374 ","  84,174,604 ","  92,519,647 ","  83,848,802 ","  83,596,596 ","  80,045,332 ","  62,981,323 "
IRVINE,"  75,280,660 ","  79,194,799 ","  78,469,993 ","  77,246,726 ","  77,502,849 ","  78,624,541 ","  84,436,789 ","  87,999,381 ","  87,286,478 ","  85,402,994 ","  62,781,238 "
FULLERTON,"  54,800,712 ","  64,223,429 ","  66,515,270 ","  66,393,172 ","  65,327,514 ","  65,346,763 ","  72,470,817 ","  75,298,683 ","  80,898,236 ","  81,720,625 ","  62,553,003 "
HUNTINGTON BEACH,"  60,114,209 ","  62,754,088 ","  64,587,741 ","  68,415,403 ","  65,849,815 ","  62,584,541 ","  73,919,479 ","  73,308,277 ","  70,068,596 ","  66,770,530 ","  59,855,286 "
VAN NUYS,"  77,185,747 ","  74,596,915 ","  70,095,219 ","  64,405,846 ","  65,000,172 ","  58,236,293 ","  64,927,192 ","  74,962,322 ","  72,120,040 ","  65,114,908 ","  59,647,651 "
MORENO VALLEY,"  51,940,447 ","  50,198,892 ","  46,294,363 ","  55,554,959 ","  51,505,761 ","  57,629,590 ","  72,493,466 ","  68,357,407 ","  64,361,623 ","  66,572,686 ","  58,942,939 "
TEMECULA,"  70,859,015 ","  71,204,155 ","  71,052,266 ","  61,798,074 ","  54,280,956 ","  58,091,772 ","  67,249,639 ","  76,183,813 ","  60,837,808 ","  69,151,911 ","  56,762,304 "
EL CAJON,"  70,195,540 ","  69,178,649 ","  69,215,744 ","  64,228,283 ","  53,136,940 ","  67,391,422 ","  74,500,439 ","  77,428,418 ","  74,034,878 ","  67,916,063 ","  55,813,749 "
FREMONT,"  72,513,768 ","  82,599,471 ","  83,111,312 ","  68,723,183 ","  64,160,789 ","  76,836,304 ","  85,392,022 ","  86,682,864 ","  75,781,985 ","  74,131,936 ","  55,488,953 "
RANCHO CUCAMONGA,"  62,684,917 ","  61,264,715 ","  65,984,675 ","  60,557,866 ","  58,973,420 ","  64,129,377 ","  69,891,360 ","  69,221,990 ","  70,036,649 ","  68,151,884 ","  54,669,544 "
VICTORVILLE,"  56,585,945 ","  61,750,892 ","  54,195,523 ","  53,080,145 ","  52,579,525 ","  59,703,157 ","  70,827,728 ","  66,801,438 ","  67,308,545 ","  65,740,972 ","  54,429,028 "
GARDEN GROVE,"  65,221,263 ","  70,399,771 ","  70,415,831 ","  59,442,596 ","  56,138,634 ","  62,169,624 ","  77,033,093 ","  71,718,433 ","  67,517,893 ","  64,047,761 ","  54,177,404 "
HAYWARD,"  56,227,112 ","  50,399,350 ","  57,564,130 ","  55,352,752 ","  54,202,205 ","  56,251,386 ","  67,161,868 ","  65,412,431 ","  63,638,054 ","  66,988,033 ","  52,669,867 "
SAN LEANDRO,"  48,904,994 ","  46,808,741 ","  46,639,334 ","  49,951,863 ","  27,874,142 ","  37,995,168 ","  40,275,178 ","  38,233,933 ","  55,390,789 ","  51,836,826 ","  51,564,827 "
PALMDALE,"  51,559,821 ","  47,928,003 ","  52,935,566 ","  53,431,572 ","  43,358,856 ","  45,354,960 ","  61,026,881 ","  59,783,349 ","  64,529,444 ","  58,117,327 ","  51,076,048 "
ORANGE,"  63,470,586 ","  59,569,861 ","  55,168,172 ","  40,568,353 ","  49,306,417 ","  45,386,724 ","  56,435,657 ","  63,401,532 ","  62,635,729 ","  65,495,524 ","  50,982,618 "
LANCASTER,"  51,759,109 ","  52,849,110 ","  48,229,925 ","  40,449,057 ","  47,475,613 ","  49,550,358 ","  58,569,161 ","  60,731,691 ","  58,143,849 ","  58,465,581 ","  50,479,424 "
FOUNTAIN VALLEY,"  57,874,224 ","  56,154,526 ","  54,081,092 ","  42,359,148 ","  39,530,550 ","  49,369,269 ","  58,778,979 ","  59,092,814 ","  62,433,689 ","  60,310,122 ","  49,332,272 "
SOUTH SAN FRANCISCO,"  23,699,405 ","  24,451,731 ","  36,760,546 ","  46,642,250 ","  15,502,075 ","  46,828,656 ","  56,236,477 ","  24,761,125 ","  58,659,349 ","  23,119,695 ","  49,290,682 "
TRACY,"  50,840,657 ","  52,919,436 ","  51,616,714 ","  52,130,623 ","  45,286,206 ","  55,929,378 ","  59,143,085 ","  65,339,444 ","  55,368,672 ","  49,873,792 ","  45,884,879 "
REDDING,"  50,009,867 ","  51,234,583 ","  58,495,900 ","  48,991,796 ","  41,201,859 ","  55,105,196 ","  50,672,321 ","  56,269,037 ","  50,957,647 ","  49,408,443 ","  45,496,960 "
HESPERIA,"  33,812,368 ","  42,908,057 ","  39,346,612 ","  42,004,926 ","  32,600,851 ","  37,662,705 ","  49,252,001 ","  48,738,441 ","  43,684,762 ","  45,271,422 ","  45,188,865 "
SIMI VALLEY,"  55,569,624 ","  55,775,424 ","  54,904,615 ","  45,040,642 ","  49,626,849 ","  48,254,161 ","  58,034,567 ","  57,489,518 ","  53,707,365 ","  56,615,071 ","  45,065,996 "
OCEANSIDE,"  51,775,347 ","  51,045,111 ","  47,249,621 ","  50,507,903 ","  40,362,387 ","  52,833,620 ","  56,477,143 ","  56,351,489 ","  52,133,945 ","  54,707,200 ","  44,848,896 "
BURBANK,"  61,289,282 ","  56,055,858 ","  58,955,731 ","  52,335,630 ","  56,553,798 ","  58,927,164 ","  51,107,849 ","  57,927,755 ","  51,029,006 ","  63,146,736 ","  44,811,115 "
VALLEJO,"  38,429,707 ","  43,270,637 ","  52,419,975 ","  41,840,742 ","  25,515,855 ","  39,424,215 ","  47,639,316 ","  51,889,402 ","  48,094,825 ","  53,600,876 ","  44,357,423 "
SANTA MARIA,"  40,550,854 ","  36,875,137 ","  37,717,653 ","  31,509,253 ","  40,113,022 ","  44,196,708 ","  52,981,430 ","  44,480,665 ","  56,988,252 ","  54,428,550 ","  44,334,077 "
POMONA,"  54,338,914 ","  49,007,249 ","  42,366,846 ","  31,974,146 ","  35,829,396 ","  36,626,707 ","  45,475,873 ","  48,376,872 ","  51,085,261 ","  48,097,347 ","  44,067,235 "
WOODLAND HILLS,"  32,527,522 ","  41,811,920 ","  40,710,156 ","  41,748,278 ","  45,500,166 ","  55,249,990 ","  57,100,007 ","  58,827,530 ","  57,299,894 ","  57,381,703 ","  43,533,578 "
TUSTIN,"  37,283,328 ","  47,925,624 ","  44,407,094 ","  41,221,995 ","  39,717,729 ","  45,372,038 ","  51,106,622 ","  50,920,763 ","  53,304,264 ","  48,572,427 ","  43,282,234 "
VISTA,"  48,186,562 ","  46,069,184 ","  49,236,433 ","  35,722,016 ","  45,966,066 ","  45,802,689 ","  48,770,112 ","  52,131,734 ","  54,571,519 ","  50,578,024 ","  43,161,242 "
CLOVIS,"  32,593,726 ","  35,968,439 ","  38,628,592 ","  37,666,416 ","  26,386,323 ","  41,244,560 ","  43,419,692 ","  45,877,042 ","  43,506,199 ","  46,079,905 ","  43,043,055 "
HAWTHORNE,"  37,360,604 ","  38,452,195 ","  38,663,232 ","  38,642,991 ","  32,469,798 ","  40,608,355 ","  42,338,631 ","  51,077,574 ","  51,087,910 ","  54,588,381 ","  42,590,217 "
WHITTIER,"  50,691,022 ","  51,967,779 ","  51,827,634 ","  43,438,842 ","  34,803,669 ","  44,662,519 ","  56,272,337 ","  61,746,476 ","  60,734,474 ","  58,604,991 ","  41,960,313 "
CONCORD,"  47,727,471 ","  50,604,965 ","  54,294,054 ","  49,994,192 ","  42,024,135 ","  45,496,979 ","  63,750,521 ","  56,309,013 ","  52,152,843 ","  51,995,402 ","  41,689,812 "
LIVERMORE,"  37,168,736 ","  45,259,900 ","  47,471,802 ","  48,992,792 ","  40,549,325 ","  41,261,182 ","  52,942,203 ","  53,912,533 ","  52,590,013 ","  53,253,414 ","  41,317,271 "
NORWALK,"  33,955,177 ","  34,340,294 ","  34,282,417 ","  33,657,380 ","  31,389,541 ","  36,703,312 ","  35,313,527 ","  49,486,951 ","  49,432,021 ","  50,029,875 ","  41,074,627 "
VACAVILLE,"  41,670,569 ","  44,801,571 ","  39,923,063 ","  42,074,747 ","  34,988,628 ","  42,016,347 ","  48,071,139 ","  48,753,430 ","  49,968,424 ","  44,614,516 ","  40,572,762 "
SANTA BARBARA,"  43,286,991 ","  43,420,743 ","  41,172,270 ","  42,453,608 ","  32,820,834 ","  42,840,670 ","  46,100,924 ","  45,140,564 ","  45,412,883 ","  49,860,604 ","  40,197,090 "
VISALIA,"  38,781,270 ","  42,277,263 ","  40,671,761 ","  36,065,531 ","  35,613,279 ","  41,967,895 ","  50,677,483 ","  53,474,336 ","  54,208,037 ","  53,991,149 ","  38,983,527 "
CARLSBAD,"  47,102,691 ","  44,005,536 ","  44,247,466 ","  38,815,357 ","  43,837,132 ","  46,608,262 ","  50,767,597 ","  52,871,440 ","  49,503,221 ","  51,346,284 ","  38,720,082 "
TURLOCK,"  34,768,898 ","  45,641,171 ","  37,270,843 ","  32,363,007 ","  47,795,568 ","  49,830,278 ","  50,845,201 ","  51,445,585 ","  48,731,876 ","  46,303,709 ","  38,658,272 "
NORTH HOLLYWOOD,"  63,161,895 ","  55,302,570 ","  58,303,249 ","  47,657,769 ","  45,653,266 ","  39,849,440 ","  58,664,771 ","  58,533,733 ","  53,866,593 ","  55,497,615 ","  38,599,565 "
SANTA CLARITA,"  35,843,252 ","  46,929,964 ","  44,007,102 ","  43,986,184 ","  44,111,068 ","  46,402,357 ","  44,467,091 ","  47,557,643 ","  48,100,663 ","  48,100,549 ","  38,534,082 "
MURRIETA,"  47,105,072 ","  44,911,778 ","  45,413,853 ","  47,637,164 ","  40,757,619 ","  54,449,933 ","  58,734,380 ","  46,561,447 ","  58,023,689 ","  59,166,217 ","  38,223,284 "
LODI,"  29,614,407 ","  38,817,712 ","  38,419,664 ","  37,814,472 ","  29,885,857 ","  44,640,381 ","  49,048,495 ","  47,182,783 ","  43,457,153 ","  44,105,614 ","  38,096,767 "
NORTHRIDGE,"  45,822,950 ","  43,925,611 ","  51,098,332 ","  36,657,624 ","  44,200,744 ","  46,995,412 ","  51,492,497 ","  52,062,067 ","  48,203,423 ","  48,401,100 ","  37,894,855 "
CHINO,"  36,543,976 ","  31,974,351 ","  35,685,945 ","  34,340,178 ","  31,429,590 ","  36,370,889 ","  42,366,625 ","  41,720,386 ","  44,477,945 ","  43,170,400 ","  37,874,714 "
GLENDALE,"  40,606,992 ","  45,463,112 ","  42,302,441 ","  38,093,513 ","  34,882,131 ","  32,742,989 ","  43,978,496 ","  47,571,911 ","  48,054,524 ","  46,082,804 ","  37,671,850 "
CHICO,"  39,087,846 ","  41,108,608 ","  41,309,466 ","  40,226,886 ","  37,318,782 ","  36,370,150 ","  43,902,839 ","  44,826,568 ","  42,718,653 ","  43,645,302 ","  37,248,897 "
PERRIS,"  28,042,170 ","  28,358,087 ","  28,048,395 ","  22,847,697 ","  28,403,948 ","  27,821,444 ","  34,639,087 ","  40,598,571 ","  39,161,277 ","  42,138,845 ","  37,172,071 "
MANTECA,"  29,526,652 ","  29,467,823 ","  30,534,054 ","  30,060,469 ","  27,041,286 ","  31,244,353 ","  36,165,467 ","  37,636,585 ","  38,855,174 ","  38,263,695 ","  35,902,643 "
INGLEWOOD,"  36,566,466 ","  37,977,470 ","  36,318,833 ","  24,438,832 ","  38,850,704 ","  30,897,562 ","  38,101,415 ","  40,848,353 ","  40,387,853 ","  37,772,102 ","  35,796,589 "
ANTIOCH,"  30,451,297 ","  30,030,245 ","  35,180,145 ","  30,820,924 ","  29,329,733 ","  31,644,826 ","  32,580,715 ","  37,001,539 ","  31,367,604 ","  39,880,817 ","  35,628,437 "
FAIRFIELD,"  39,924,234 ","  46,217,658 ","  45,066,106 ","  40,034,176 ","  29,428,309 ","  43,600,574 ","  50,562,940 ","  48,939,242 ","  50,910,128 ","  47,795,005 ","  35,543,919 "
LA HABRA,"  39,625,785 ","  37,169,239 ","  34,814,557 ","  33,707,851 ","  41,528,136 ","  39,613,765 ","  42,900,077 ","  37,850,755 ","  43,075,321 ","  43,465,934 ","  35,312,039 "
SUNNYVALE,"  45,561,009 ","  48,275,410 ","  48,010,569 ","  43,574,643 ","  37,947,274 ","  44,855,415 ","  52,058,799 ","  54,296,455 ","  46,410,381 ","  55,230,416 ","  35,052,486 "
FOLSOM,"  40,897,178 ","  40,535,030 ","  40,610,040 ","  37,865,620 ","  36,528,989 ","  39,158,793 ","  40,791,675 ","  42,555,999 ","  43,667,194 ","  42,850,024 ","  34,900,689 "
LAKE ELSINORE,"  35,855,760 ","  35,407,984 ","  35,457,728 ","  32,291,782 ","  35,984,647 ","  37,512,259 ","  40,642,095 ","  43,016,409 ","  35,498,865 ","  42,342,805 ","  34,674,261 "
RICHMOND,"  40,645,100 ","  38,860,779 ","  38,661,433 ","  34,887,144 ","  32,650,294 ","  40,777,720 ","  42,518,849 ","  44,085,174 ","  41,447,299 ","  41,859,653 ","  34,134,850 "
COSTA MESA,"  47,144,427 ","  48,048,781 ","  53,137,212 ","  51,876,533 ","  44,892,112 ","  41,164,525 ","  54,040,527 ","  57,180,927 ","  57,181,923 ","  54,337,541 ","  33,593,206 "
RANCHO CORDOVA,"  27,011,335 ","  25,331,745 ","  26,473,437 ","  26,440,972 ","  26,926,116 ","  27,125,383 ","  37,314,967 ","  36,487,807 ","  40,068,840 ","  35,517,635 ","  33,510,311 "
VENTURA,"  42,300,421 ","  45,341,478 ","  47,074,019 ","  34,656,424 ","  40,308,343 ","  38,232,535 ","  46,316,031 ","  45,136,333 ","  40,170,705 ","  41,698,494 ","  33,495,706 "
LAGUNA NIGUEL,"  40,172,309 ","  40,462,347 ","  39,484,887 ","  33,492,885 ","  33,827,696 ","  43,869,786 ","  36,095,261 ","  39,813,203 ","  40,817,116 ","  41,223,117 ","  33,005,008 "
PALM DESERT,"  36,201,847 ","  37,128,322 ","  37,863,912 ","  35,115,129 ","  32,339,083 ","  34,487,037 ","  38,735,861 ","  36,930,181 ","  37,210,742 ","  36,996,289 ","  32,942,509 "
REDWOOD CITY,"  33,748,950 ","  43,431,126 ","  35,525,880 ","  42,073,905 ","  28,338,794 ","  32,909,240 ","  41,529,382 ","  41,818,529 ","  41,818,987 ","  45,915,471 ","  32,857,715 "
CITRUS HEIGHTS,"  33,374,533 ","  31,536,282 ","  30,936,301 ","  29,120,701 ","  20,343,813 ","  26,723,694 ","  36,546,264 ","  36,672,634 ","  34,747,558 ","  33,057,927 ","  32,815,321 "
MADERA,"  29,294,596 ","  37,833,459 ","  29,755,854 ","  23,170,570 ","  21,110,657 ","  24,489,512 ","  37,455,657 ","  41,223,524 ","  37,177,516 ","  32,457,890 ","  32,532,524 "
GARDENA,"  27,183,051 ","  26,303,732 ","  28,595,882 ","  24,368,580 ","  21,992,021 ","  27,178,220 ","  33,399,477 ","  33,461,657 ","  33,967,804 ","  36,044,961 ","  32,462,380 "
MERCED,"  34,901,696 ","  30,632,410 ","  29,543,479 ","  28,452,848 ","  15,052,451 ","  26,434,383 ","  35,208,117 ","  35,174,441 ","  35,327,467 ","  37,119,644 ","  31,821,348 "
SAN MARCOS,"  28,476,146 ","  31,998,930 ","  38,562,216 ","  34,672,454 ","  31,021,457 ","  38,050,712 ","  38,383,136 ","  42,828,201 ","  41,627,175 ","  44,983,108 ","  31,721,262 "
PACOIMA,"  19,659,492 ","  26,228,894 ","  27,516,528 ","  27,151,107 ","  25,095,756 ","  27,540,276 ","  29,353,134 ","  29,500,002 ","  34,537,984 ","  38,885,478 ","  31,456,800 "
DOWNEY,"  40,322,695 ","  40,867,140 ","  37,599,597 ","  35,978,351 ","  31,056,644 ","  33,894,117 ","  36,312,361 ","  39,329,614 ","  40,838,967 ","  38,424,365 ","  31,429,202 "
SANTA CLARA,"  38,217,513 ","  50,710,464 ","  43,397,931 ","  38,574,609 ","  32,050,761 ","  40,566,978 ","  47,659,897 ","  45,211,304 ","  29,849,482 ","  47,684,282 ","  30,981,490 "
RIALTO,"  19,801,588 ","  19,961,487 ","  23,230,390 ","  32,255,195 ","  18,704,036 ","  23,832,896 ","  40,928,365 ","  35,640,948 ","  36,294,262 ","  36,517,322 ","  30,844,553 "
PASADENA,"  44,454,428 ","  44,322,664 ","  56,809,704 ","  33,652,768 ","  33,735,470 ","  38,951,733 ","  44,703,198 ","  45,717,729 ","  51,016,387 ","  51,886,247 ","  30,218,500 "
SAN LUIS OBISPO,"  29,360,198 ","  33,139,070 ","  28,446,360 ","  27,207,839 ","  27,222,946 ","  31,090,063 ","  33,221,650 ","  34,322,038 ","  35,824,983 ","  35,655,530 ","  29,723,036 "
WEST COVINA,"  28,673,559 ","  28,521,027 ","  29,612,627 ","  22,859,103 ","  30,410,223 ","  28,661,669 ","  35,283,672 ","  37,154,228 ","  34,574,968 ","  34,582,383 ","  29,555,662 "
GILROY,"  31,088,961 ","  33,826,971 ","  34,918,964 ","  26,311,408 ","  23,649,166 ","  26,991,138 ","  32,674,020 ","  34,233,588 ","  33,697,986 ","  36,492,708 ","  29,193,992 "
HEMET,"  34,981,766 ","  30,970,641 ","  29,875,402 ","  25,734,744 ","  24,798,611 ","  27,495,553 ","  30,473,147 ","  31,084,274 ","  34,153,193 ","  36,359,281 ","  29,173,288 "
TULARE,"  25,340,337 ","  28,623,850 ","  21,065,898 ","  16,863,520 ","  20,578,119 ","  29,273,972 ","  29,339,292 ","  32,957,713 ","  30,298,098 ","  28,912,940 ","  28,770,483 "
EL MONTE,"  31,738,984 ","  34,306,016 ","  34,308,894 ","  38,519,646 ","  31,985,657 ","  34,295,400 ","  35,320,893 ","  35,905,734 ","  36,035,000 ","  31,688,711 ","  28,625,955 "
SANTEE,"  24,085,814 ","  24,549,428 ","  25,201,637 ","  24,854,284 ","  24,156,156 ","  28,347,434 ","  32,233,198 ","  25,215,772 ","  28,765,034 ","  28,943,851 ","  28,510,311 "
LAKEWOOD,"  33,237,224 ","  33,519,027 ","  43,828,204 ","  40,707,458 ","  38,192,364 ","  33,646,294 ","  39,179,085 ","  38,956,355 ","  39,389,889 ","  37,865,237 ","  28,472,409 "
INDIO,"  21,488,167 ","  20,838,663 ","  15,697,509 ","  10,554,318 ","  26,157,281 ","  28,552,835 ","  29,596,586 ","  31,011,659 ","  31,737,144 ","  30,773,609 ","  28,059,179 "
MISSION VIEJO,"  42,524,430 ","  39,593,690 ","  39,547,331 ","  29,536,178 ","  33,945,851 ","  37,600,410 ","  42,322,138 ","  39,353,473 ","  40,300,558 ","  41,465,447 ","  27,904,163 "
SAN MATEO,"  34,423,286 ","  43,102,888 ","  40,771,634 ","  39,449,417 ","  13,062,131 ","  39,462,402 ","  43,317,026 ","  43,836,779 ","  37,323,218 ","  40,337,290 ","  27,735,780 "
NAPA,"  27,109,613 ","  25,859,595 ","  30,415,273 ","  26,288,589 ","  15,727,959 ","  31,746,025 ","  32,651,303 ","  30,226,065 ","  34,923,344 ","  35,010,864 ","  27,596,113 "
AZUSA,"  14,484,897 ","  16,518,262 ","  11,213,547 ","  22,457,593 ","  11,962,005 ","  23,700,719 ","  29,785,361 ","  16,749,695 ","  27,080,036 ","  15,270,963 ","  27,529,138 "
ALHAMBRA,"  37,278,084 ","  35,638,304 ","  36,385,221 ","  30,184,834 ","  32,183,645 ","  29,130,781 ","  34,367,348 ","  37,480,816 ","  33,405,845 ","  35,679,578 ","  27,488,559 "
COMPTON,"  15,068,451 ","  14,550,967 ","  16,286,131 ","  15,986,401 ","  14,000,528 ","  24,352,333 ","  35,229,451 ","  27,313,267 ","  32,857,777 ","  33,966,139 ","  27,456,448 "
CULVER CITY,"  29,587,135 ","  33,617,684 ","  33,429,313 ","  34,295,563 ","  33,533,805 ","  33,781,447 ","  37,333,383 ","  38,979,693 ","  37,471,739 ","  42,031,089 ","  27,258,059 "
CARSON,"  25,155,098 ","  28,709,404 ","  28,307,026 ","  22,866,148 ","  25,435,521 ","  27,726,534 ","  26,922,851 ","  34,521,284 ","  34,235,919 ","  28,711,782 ","  27,073,658 "
LA MESA,"  20,286,791 ","  25,529,933 ","  21,524,862 ","  18,781,648 ","  18,158,007 ","  20,001,013 ","  24,443,582 ","  22,946,090 ","  23,233,279 ","  22,158,612 ","  26,989,602 "
BARSTOW,"  26,591,070 ","  31,158,833 ","  26,101,071 ","  26,423,991 ","  22,035,141 ","  27,800,067 ","  28,941,472 ","  32,049,070 ","  32,567,231 ","  29,145,035 ","  26,797,119 "
CHINO HILLS,"  32,430,727 ","  28,696,335 ","  35,066,814 ","  38,068,324 ","  38,190,452 ","  32,948,593 ","  32,907,652 ","  38,943,171 ","  30,772,018 ","  30,473,501 ","  26,508,497 "
SANTA CRUZ,"  28,053,377 ","  30,987,675 ","  30,568,418 ","  33,776,326 ","  19,548,975 ","  28,136,495 ","  32,203,005 ","  31,101,729 ","  31,161,796 ","  34,473,156 ","  26,391,509 "
CYPRESS,"  34,471,565 ","  30,350,252 ","  28,615,582 ","  24,924,011 ","  29,155,465 ","  29,185,098 ","  25,849,708 ","  28,697,368 ","  33,065,271 ","  33,592,342 ","  26,105,215 "
MONTEREY PARK,"  12,874,148 ","  13,993,831 ","  13,221,145 ","  14,281,533 ","  11,721,821 ","  11,925,127 ","  13,418,747 ","  15,262,308 ","  24,258,141 ","  34,365,492 ","  26,046,016 "
WOODLAND,"  28,628,607 ","  26,339,997 ","  27,499,576 ","  24,426,611 ","  23,508,854 ","  27,888,627 ","  34,055,805 ","  35,274,332 ","  34,320,149 ","  33,912,031 ","  26,029,513 "
AUBURN,"  27,920,958 ","  30,513,768 ","  29,383,366 ","  24,927,316 ","  19,270,334 ","  31,379,608 ","  32,008,754 ","  31,192,505 ","  32,531,564 ","  33,035,661 ","  25,945,211 "
UPLAND,"  26,305,716 ","  23,035,927 ","  24,413,407 ","  22,271,396 ","  24,780,823 ","  30,135,965 ","  31,835,943 ","  32,517,861 ","  30,478,454 ","  30,041,172 ","  25,643,100 "
DALY CITY,"  25,496,757 ","  26,596,011 ","  35,039,080 ","  29,773,507 ","  16,697,872 ","  34,395,874 ","  36,871,648 ","  38,121,730 ","  27,071,554 ","  35,295,626 ","  25,179,571 "
CAMARILLO,"  33,292,324 ","  31,500,641 ","  32,892,870 ","  30,928,197 ","  28,570,092 ","  30,752,393 ","  32,110,718 ","  30,565,812 ","  32,371,842 ","  30,818,062 ","  25,067,057 "
BELLFLOWER,"  23,096,705 ","  27,762,391 ","  21,236,075 ","  15,883,947 ","  14,945,095 ","  25,801,197 ","  30,759,781 ","  23,929,711 ","  25,878,038 ","  26,886,468 ","  24,846,612 "
POWAY,"  29,072,675 ","  30,316,700 ","  31,856,033 ","  27,935,488 ","  27,492,958 ","  29,203,331 ","  31,385,385 ","  33,332,787 ","  31,196,320 ","  32,040,864 ","  24,783,237 "
ROCKLIN,"  23,824,300 ","  29,067,066 ","  26,401,323 ","  22,449,344 ","  20,285,629 ","  28,829,258 ","  32,775,935 ","  32,768,784 ","  30,203,604 ","  28,974,523 ","  24,753,117 "
YUBA CITY,"  28,911,814 ","  25,794,454 ","  27,886,394 ","  28,155,945 ","  19,034,622 ","  24,465,491 ","  29,635,725 ","  29,680,605 ","  29,511,444 ","  21,139,353 ","  24,002,620 "
HANFORD,"  18,912,378 ","  15,670,835 ","  17,468,290 ","  12,648,830 ","  9,662,642 ","  17,672,959 ","  22,275,132 ","  26,827,212 ","  24,588,906 ","  35,435,683 ","  23,963,083 "
REDLANDS,"  28,074,135 ","  23,690,102 ","  23,656,022 ","  22,499,002 ","  20,461,667 ","  24,156,674 ","  25,562,945 ","  27,354,371 ","  27,137,473 ","  27,692,007 ","  23,712,882 "
SPRING VALLEY,"  18,144,403 ","  21,501,026 ","  20,158,396 ","  21,474,822 ","  17,300,220 ","  20,656,508 ","  22,906,105 ","  23,451,716 ","  21,518,386 ","  25,112,864 ","  23,564,271 "
PASO ROBLES,"  33,326,885 ","  27,891,125 ","  22,382,298 ","  24,362,959 ","  21,367,428 ","  29,189,042 ","  31,297,986 ","  30,347,583 ","  30,078,109 ","  29,968,439 ","  23,284,640 "
SAN DIMAS,"  23,735,299 ","  20,297,611 ","  19,759,160 ","  22,571,320 ","  23,235,555 ","  21,279,793 ","  27,939,756 ","  27,840,016 ","  24,955,105 ","  30,153,669 ","  22,562,891 "
COLTON,"  17,317,651 ","  17,261,927 ","  16,286,374 ","  14,926,412 ","  17,368,811 ","  14,296,978 ","  23,811,087 ","  23,749,612 ","  24,348,737 ","  26,738,482 ","  22,552,747 "
WEST SACRAMENTO,"  20,069,196 ","  18,352,591 ","  18,752,124 ","  22,551,120 ","  15,096,271 ","  20,482,242 ","  24,704,470 ","  26,197,604 ","  29,326,561 ","  23,430,139 ","  22,483,901 "
CASTRO VALLEY,"  22,282,194 ","  20,898,761 ","  26,248,110 ","  22,458,895 ","  17,074,307 ","  24,624,058 ","  29,373,754 ","  27,047,976 ","  25,528,011 ","  20,940,152 ","  22,201,403 "
SOUTH GATE,"  22,349,479 ","  20,247,834 ","  19,140,839 ","  21,971,535 ","  19,820,917 ","  17,964,809 ","  25,801,088 ","  24,159,395 ","  23,558,395 ","  23,043,442 ","  21,585,045 "
CITY OF INDUSTRY,"  33,921,342 ","  34,630,849 ","  38,133,680 ","  29,816,595 ","  27,613,153 ","  32,882,623 ","  32,266,137 ","  33,099,544 ","  26,915,507 ","  30,188,524 ","  21,565,745 "
LAKE FOREST,"  27,814,904 ","  26,702,824 ","  27,834,996 ","  25,046,922 ","  25,045,038 ","  20,295,639 ","  26,335,397 ","  30,153,931 ","  25,373,347 ","  26,361,026 ","  21,453,254 "
ROHNERT PARK,"  20,554,781 ","  20,586,133 ","  21,281,371 ","  21,896,716 ","  20,865,899 ","  20,769,923 ","  25,018,538 ","  25,849,354 ","  23,653,204 ","  26,697,513 ","  21,262,465 "
COMMERCE,"  21,055,472 ","  21,955,229 ","  23,832,520 ","  28,816,309 ","  21,383,895 ","  23,773,186 ","  21,895,289 ","  21,622,684 ","  22,548,599 ","  23,959,188 ","  21,050,219 "
THOUSAND OAKS,"  25,840,024 ","  26,517,904 ","  23,681,502 ","  21,740,623 ","  16,779,716 ","  21,735,148 ","  28,554,556 ","  27,686,465 ","  28,691,048 ","  27,421,308 ","  20,924,081 "
NATIONAL CITY,"  26,941,420 ","  23,217,647 ","  24,014,322 ","  14,542,103 ","  12,124,097 ","  16,108,383 ","  21,446,829 ","  18,002,284 ","  17,568,061 ","  25,272,183 ","  20,856,183 "
EUREKA,"  18,444,780 ","  20,473,382 ","  20,676,650 ","  19,025,264 ","  14,119,241 ","  19,416,370 ","  21,656,805 ","  19,849,815 ","  20,973,520 ","  19,737,328 ","  20,777,324 "
WALNUT CREEK,"  26,384,130 ","  27,756,413 ","  27,195,126 ","  28,166,160 ","  20,729,990 ","  22,446,634 ","  28,051,234 ","  25,713,664 ","  25,094,201 ","  28,832,128 ","  20,718,049 "
YORBA LINDA,"  14,161,690 ","  14,241,611 ","  13,914,184 ","  14,042,161 ","  14,802,781 ","  26,034,450 ","  27,319,779 ","  27,843,860 ","  26,832,003 ","  26,057,555 ","  20,304,651 "
CAMPBELL,"  21,519,543 ","  32,461,960 ","  36,379,821 ","  35,442,338 ","  31,470,808 ","  33,812,951 ","  34,104,237 ","  28,217,591 ","  25,195,503 ","  27,696,934 ","  20,283,563 "
BALDWIN PARK,"  18,401,951 ","  19,496,625 ","  17,010,775 ","  15,083,973 ","  18,004,178 ","  18,053,509 ","  21,865,308 ","  23,065,947 ","  24,593,493 ","  24,761,909 ","  20,082,172 "
COACHELLA,"  23,215,186 ","  22,878,599 ","  18,218,441 ","  15,742,707 ","  19,687,506 ","  19,558,859 ","  21,988,554 ","  22,148,746 ","  23,390,917 ","  23,149,986 ","  20,016,180 "
BRENTWOOD,"  24,028,705 ","  23,304,414 ","  21,210,384 ","  21,669,822 ","  13,866,653 ","  17,815,025 ","  30,110,255 ","  26,057,156 ","  25,092,129 ","  24,555,842 ","  19,928,591 "
HIGHLAND,"  15,279,457 ","  10,758,848 ","  9,239,319 ","  9,401,559 ","  8,167,817 ","  11,476,600 ","  17,428,686 ","  16,641,546 ","  19,888,092 ","  21,279,657 ","  19,682,701 "
SAN JUAN CAPISTRANO,"  9,548,299 ","  14,428,476 ","  17,073,235 ","  18,774,289 ","  18,108,138 ","  22,099,547 ","  22,158,949 ","  22,447,558 ","  23,871,906 ","  22,559,217 ","  19,520,882 "
NOVATO,"  17,647,488 ","  23,892,027 ","  21,084,555 ","  24,538,821 ","  15,253,670 ","  24,707,429 ","  25,105,195 ","  25,697,601 ","  14,904,021 ","  24,573,468 ","  19,416,669 "
WESTMINSTER,"  39,477,210 ","  36,434,254 ","  35,859,731 ","  27,196,114 ","  24,585,370 ","  25,673,269 ","  30,155,979 ","  30,319,025 ","  29,272,275 ","  27,411,535 ","  19,337,869 "
VALENCIA,"  17,411,387 ","  19,062,258 ","  22,078,022 ","  20,463,785 ","  15,175,999 ","  21,390,306 ","  22,844,670 ","  23,413,520 ","  25,143,423 ","  23,945,531 ","  19,274,456 "
LA PUENTE,"  26,123,433 ","  25,675,727 ","  22,466,112 ","  22,108,270 ","  23,345,323 ","  23,045,356 ","  22,824,320 ","  26,073,270 ","  22,824,156 ","  26,829,018 ","  19,244,993 "
PITTSBURG,"  12,949,371 ","  16,875,616 ","  17,344,724 ","  11,926,048 ","  8,077,315 ","  17,241,311 ","  17,204,502 ","  24,120,506 ","  20,714,460 ","  24,943,401 ","  19,045,932 "
GLENDORA,"  15,765,479 ","  18,936,442 ","  15,716,770 ","  17,300,453 ","  17,544,702 ","  15,226,849 ","  18,001,735 ","  15,483,816 ","  18,440,423 ","  19,788,964 ","  18,917,219 "
PETALUMA,"  22,060,441 ","  25,293,293 ","  24,306,381 ","  22,109,588 ","  19,278,146 ","  18,658,727 ","  20,422,514 ","  20,273,829 ","  19,374,035 ","  22,843,681 ","  18,767,839 "
DELANO,"  12,383,124 ","  14,428,627 ","  13,284,600 ","  14,125,506 ","  14,394,137 ","  14,976,311 ","  20,943,503 ","  18,285,034 ","  19,815,180 ","  19,753,434 ","  18,759,078 "
SAN RAFAEL,"  22,673,672 ","  27,638,632 ","  27,228,527 ","  21,768,228 ","  14,979,306 ","  21,937,711 ","  23,095,424 ","  22,340,768 ","  18,471,246 ","  24,136,952 ","  18,541,160 "
YUCAIPA,"  15,510,152 ","  15,822,872 ","  17,348,426 ","  17,436,523 ","  19,135,878 ","  17,280,094 ","  17,933,189 ","  17,090,780 ","  20,254,789 ","  19,045,757 ","  18,451,307 "
ENCINITAS,"  25,474,526 ","  23,639,216 ","  24,406,527 ","  16,797,461 ","  15,461,130 ","  23,119,233 ","  27,424,435 ","  26,150,132 ","  25,411,041 ","  22,832,770 ","  18,358,144 "
RESEDA,"  18,987,264 ","  20,866,198 ","  24,066,348 ","  17,311,364 ","  19,514,409 ","  17,906,930 ","  19,457,081 ","  22,401,359 ","  22,072,882 ","  22,021,277 ","  18,306,382 "
SAN CLEMENTE,"  29,379,737 ","  26,511,172 ","  27,647,055 ","  26,868,433 ","  28,878,835 ","  22,374,739 ","  26,069,908 ","  27,586,047 ","  25,761,917 ","  23,511,326 ","  18,258,771 "
MONTCLAIR,"  19,975,333 ","  22,700,803 ","  22,722,567 ","  23,267,869 ","  18,880,781 ","  22,322,792 ","  22,184,045 ","  22,434,994 ","  20,876,038 ","  20,908,043 ","  18,205,694 "
EL CENTRO,"  18,256,699 ","  20,113,457 ","  17,665,581 ","  15,602,864 ","  21,653,646 ","  26,285,744 ","  25,535,320 ","  22,573,278 ","  26,621,708 ","  23,679,731 ","  18,204,865 "
DUBLIN,"  26,542,869 ","  23,600,296 ","  32,424,101 ","  26,967,077 ","  17,211,109 ","  24,309,277 ","  29,257,478 ","  31,653,184 ","  24,832,219 ","  27,268,255 ","  17,962,829 "
SUN VALLEY,"  16,792,110 ","  13,152,755 ","  13,779,814 ","  11,352,751 ","  19,323,525 ","  21,055,356 ","  21,560,659 ","  20,040,744 ","  19,519,021 ","  21,826,152 ","  17,659,677 "
SAN PEDRO,"  16,119,564 ","  17,367,770 ","  15,117,646 ","  17,924,044 ","  15,877,397 ","  17,512,889 ","  18,179,260 ","  21,730,787 ","  20,985,011 ","  22,752,827 ","  17,614,927 "
MILL VALLEY,"  20,230,556 ","  17,630,414 ","  20,779,313 ","  19,966,685 ","  7,664,882 ","  18,948,050 ","  21,739,598 ","  21,320,547 ","  19,434,903 ","  18,424,034 ","  17,569,683 "
PORTERVILLE,"  14,777,265 ","  14,779,775 ","  20,435,529 ","  9,867,320 ","  14,722,540 ","  13,567,821 ","  17,985,566 ","  20,814,497 ","  20,433,937 ","  18,500,307 ","  17,513,850 "
BERKELEY,"  22,836,595 ","  21,866,776 ","  22,440,807 ","  23,831,469 ","  10,110,033 ","  13,269,104 ","  23,762,293 ","  23,097,734 ","  20,031,737 ","  21,349,386 ","  17,474,050 "
CANOGA PARK,"  34,358,803 ","  35,251,171 ","  22,804,206 ","  20,379,795 ","  25,848,502 ","  23,448,799 ","  27,121,285 ","  26,527,324 ","  26,008,272 ","  22,586,713 ","  17,473,656 "
UKIAH,"  12,950,223 ","  14,641,232 ","  13,712,872 ","  13,009,092 ","  11,098,499 ","  14,295,271 ","  15,586,704 ","  14,659,534 ","  16,375,006 ","  13,339,614 ","  17,277,163 "
SAN JACINTO,"  9,499,781 ","  9,401,040 ","  9,415,746 ","  7,855,102 ","  8,134,477 ","  13,434,598 ","  18,765,264 ","  19,667,139 ","  17,691,637 ","  16,919,458 ","  17,276,170 "
CHATSWORTH,"  21,963,789 ","  23,541,434 ","  19,922,830 ","  17,249,312 ","  19,990,015 ","  15,375,240 ","  18,192,999 ","  16,643,085 ","  19,658,952 ","  21,069,212 ","  17,170,754 "
PLEASANTON,"  23,585,060 ","  27,871,238 ","  27,179,734 ","  23,176,410 ","  19,945,191 ","  22,592,245 ","  25,761,038 ","  27,238,050 ","  26,399,975 ","  24,827,707 ","  17,048,572 "
LA QUINTA,"  20,943,588 ","  18,338,945 ","  18,925,417 ","  21,199,286 ","  19,276,837 ","  20,970,314 ","  20,073,712 ","  20,468,009 ","  19,186,353 ","  20,216,324 ","  16,728,853 "
TEHACHAPI,"  9,081,178 ","  10,550,729 ","  12,021,958 ","  11,024,378 ","  11,585,771 ","  13,075,500 ","  14,935,344 ","  14,563,411 ","  17,827,826 ","  17,697,748 ","  16,692,306 "
MILPITAS,"  19,822,292 ","  24,608,279 ","  22,975,698 ","  21,037,470 ","  15,340,303 ","  29,102,582 ","  27,884,373 ","  27,738,778 ","  18,918,397 ","  26,306,367 ","  16,577,068 "
NORCO,"  22,392,251 ","  20,594,066 ","  15,684,710 ","  19,403,728 ","  19,829,707 ","  20,420,056 ","  19,863,277 ","  18,635,372 ","  19,227,793 ","  21,342,037 ","  16,477,710 "
CERES,"  19,210,369 ","  18,406,755 ","  12,411,058 ","  16,683,522 ","  15,469,623 ","  19,196,358 ","  19,374,330 ","  19,712,244 ","  19,861,497 ","  17,662,194 ","  16,458,574 "
LEBEC,"  14,940,796 ","  19,541,673 ","  18,188,111 ","  22,262,546 ","  13,305,286 ","  14,250,217 ","  17,178,848 ","  16,111,075 ","  15,090,065 ","  15,759,953 ","  16,415,731 "
SYLMAR,"  11,136,811 ","  11,677,057 ","  14,741,499 ","  15,327,201 ","  13,911,007 ","  11,921,374 ","  12,661,650 ","  25,227,746 ","  23,287,272 ","  23,687,511 ","  16,396,893 "
MOUNTAIN VIEW,"  16,612,329 ","  24,567,598 ","  28,941,464 ","  30,900,558 ","  33,442,270 ","  44,400,156 ","  63,488,055 ","  27,148,459 ","  33,691,703 ","  24,527,801 ","  16,243,517 "
PLEASANT HILL,"  11,649,224 ","  11,464,876 ","  22,066,606 ","  23,514,873 ","  17,238,278 ","  16,899,554 ","  21,087,216 ","  22,668,476 ","  19,608,230 ","  23,003,013 ","  16,218,482 "
LYNWOOD,"  18,701,768 ","  18,114,809 ","  16,956,728 ","  13,694,442 ","  10,480,616 ","  12,983,365 ","  13,587,535 ","  15,388,731 ","  15,929,627 ","  16,052,704 ","  16,004,426 "
SAN RAMON,"  27,386,009 ","  28,157,708 ","  29,908,415 ","  24,939,988 ","  20,458,644 ","  25,659,158 ","  27,973,581 ","  26,874,558 ","  23,421,527 ","  22,661,792 ","  15,839,659 "
APPLE VALLEY,"  16,463,268 ","  17,847,163 ","  20,634,356 ","  18,817,272 ","  11,731,094 ","  18,825,154 ","  21,533,780 ","  21,323,849 ","  21,103,426 ","  20,955,496 ","  15,787,901 "
PARAMOUNT,"  21,868,381 ","  19,403,280 ","  19,827,254 ","  13,910,151 ","  19,340,506 ","  21,578,662 ","  22,501,929 ","  21,829,969 ","  21,766,636 ","  21,343,940 ","  15,664,730 "
CATHEDRAL CITY,"  16,490,565 ","  16,172,574 ","  15,752,535 ","  12,931,779 ","  12,093,633 ","  21,746,469 ","  20,394,761 ","  17,559,072 ","  17,498,222 ","  17,955,657 ","  15,632,375 "
CALEXICO,"  18,472,635 ","  15,135,079 ","  15,246,131 ","  14,894,681 ","  16,833,793 ","  17,844,121 ","  23,211,677 ","  27,568,929 ","  24,476,686 ","  22,814,290 ","  15,617,112 "
BUENA PARK,"  22,931,459 ","  25,487,867 ","  23,314,823 ","  18,478,036 ","  19,983,621 ","  23,381,061 ","  21,411,387 ","  25,346,114 ","  24,793,246 ","  25,386,496 ","  15,432,953 "
GRASS VALLEY,"  18,877,500 ","  16,995,143 ","  16,630,298 ","  14,470,750 ","  7,810,494 ","  17,480,387 ","  19,514,723 ","  18,552,172 ","  18,463,928 ","  13,736,994 ","  15,251,742 "
ALAMEDA,"  15,409,605 ","  19,710,663 ","  18,383,912 ","  18,322,399 ","  12,953,969 ","  15,945,672 ","  23,195,033 ","  21,185,885 ","  21,742,137 ","  22,935,355 ","  15,142,108 "
SHERMAN OAKS,"  20,717,421 ","  22,706,732 ","  22,964,304 ","  18,963,862 ","  22,434,220 ","  22,258,223 ","  23,332,723 ","  21,679,271 ","  20,754,653 ","  20,181,699 ","  14,996,637 "
SANTA MONICA,"  32,180,944 ","  31,800,851 ","  27,961,715 ","  23,185,211 ","  25,808,958 ","  25,338,618 ","  28,056,902 ","  28,414,254 ","  27,305,603 ","  24,641,580 ","  14,572,146 "
MORGAN HILL,"  13,597,232 ","  16,369,524 ","  19,110,449 ","  18,834,181 ","  17,259,807 ","  15,632,999 ","  20,025,623 ","  15,544,993 ","  16,409,318 ","  17,927,341 ","  14,466,694 "
ARCADIA,"  20,928,041 ","  24,414,559 ","  23,405,493 ","  16,272,225 ","  19,241,767 ","  18,024,747 ","  21,668,541 ","  19,457,639 ","  19,413,222 ","  18,564,685 ","  14,459,744 "
ATASCADERO,"  15,994,742 ","  17,022,544 ","  14,317,821 ","  15,937,153 ","  17,606,137 ","  16,024,288 ","  17,482,584 ","  16,948,878 ","  17,078,898 ","  16,220,193 ","  14,394,864 "
WALNUT,"  7,987,566 ","  14,828,744 ","  14,487,932 ","  11,556,228 ","  11,278,469 ","  15,158,216 ","  16,664,782 ","  16,005,632 ","  15,398,771 ","  13,986,396 ","  14,265,680 "
WATSONVILLE,"  18,518,855 ","  20,778,109 ","  21,999,254 ","  15,872,147 ","  10,174,827 ","  16,236,922 ","  21,437,370 ","  21,995,482 ","  18,700,980 ","  16,577,227 ","  14,239,263 "
LEMOORE,"  8,539,470 ","  8,779,947 ","  9,042,861 ","  9,194,445 ","  10,795,857 ","  9,517,554 ","  11,742,315 ","  11,422,597 ","  12,383,420 ","  20,950,813 ","  14,234,637 "
BREA,"  24,826,614 ","  19,265,974 ","  20,456,363 ","  17,031,707 ","  15,740,555 ","  15,214,386 ","  18,676,325 ","  21,339,060 ","  19,673,479 ","  18,586,448 ","  13,968,883 "
PALM SPRINGS,"  12,630,314 ","  11,743,990 ","  14,283,370 ","  8,986,717 ","  18,798,595 ","  18,880,936 ","  13,275,470 ","  19,166,853 ","  18,240,562 ","  18,433,493 ","  13,906,789 "
RED BLUFF,"  15,045,822 ","  12,256,233 ","  12,519,150 ","  9,620,405 ","  10,861,767 ","  13,256,870 ","  14,605,895 ","  14,291,102 ","  15,406,318 ","  15,722,574 ","  13,794,594 "
LOMPOC,"  14,773,700 ","  11,887,816 ","  16,009,969 ","  14,286,114 ","  12,453,494 ","  16,288,346 ","  16,974,239 ","  13,763,244 ","  17,921,928 ","  15,958,658 ","  13,750,383 "
PLACENTIA,"  16,208,967 ","  13,623,460 ","  13,471,536 ","  10,805,990 ","  11,794,632 ","  13,688,891 ","  18,928,904 ","  17,535,156 ","  15,595,781 ","  15,551,948 ","  13,682,807 "
MARYSVILLE,"  15,830,858 ","  18,322,965 ","  14,789,874 ","  15,344,558 ","  6,697,542 ","  15,616,923 ","  20,203,678 ","  19,500,642 ","  27,563,491 ","  15,277,387 ","  13,674,703 "
OAKLEY,"  12,449,150 ","  10,495,417 ","  8,920,595 ","  8,159,052 ","  12,282,747 ","  10,959,750 ","  13,787,251 ","  16,010,839 ","  14,248,751 ","  16,871,173 ","  13,642,786 "
DIXON,"  14,959,953 ","  13,090,414 ","  15,900,227 ","  15,264,545 ","  8,889,342 ","  14,067,288 ","  13,024,100 ","  15,872,296 ","  13,365,483 ","  14,511,633 ","  13,539,461 "
DIAMOND BAR,"  24,749,698 ","  23,048,676 ","  23,402,657 ","  12,248,600 ","  15,632,055 ","  12,523,896 ","  22,136,796 ","  21,751,550 ","  17,241,078 ","  17,347,034 ","  13,504,034 "
MARTINEZ,"  18,524,025 ","  20,216,035 ","  17,158,583 ","  18,282,817 ","  13,220,504 ","  18,509,858 ","  17,676,962 ","  17,092,758 ","  18,483,826 ","  16,050,602 ","  13,473,443 "
EL DORADO HILLS,"  12,656,442 ","  13,396,926 ","  17,675,316 ","  13,335,744 ","  8,287,411 ","  13,521,605 ","  13,748,858 ","  14,308,662 ","  14,563,782 ","  15,841,430 ","  13,391,995 "
GRANADA HILLS,"  20,849,258 ","  22,251,462 ","  22,396,182 ","  18,307,859 ","  19,977,676 ","  24,336,324 ","  19,748,734 ","  18,979,759 ","  17,472,127 ","  17,295,121 ","  13,292,179 "
MONTEBELLO,"  19,420,318 ","  21,443,928 ","  19,498,845 ","  16,984,629 ","  13,818,197 ","  21,047,402 ","  18,739,935 ","  24,184,242 ","  19,668,252 ","  17,047,015 ","  13,272,257 "
COVINA,"  19,357,319 ","  19,071,439 ","  20,632,921 ","  14,325,203 ","  16,242,943 ","  19,129,897 ","  18,644,431 ","  17,589,522 ","  16,508,185 ","  18,512,811 ","  13,128,140 "
RIPON,"  9,600,209 ","  14,997,892 ","  13,067,188 ","  12,643,251 ","  12,880,311 ","  15,787,335 ","  15,949,103 ","  16,487,000 ","  16,531,762 ","  14,482,131 ","  13,099,050 "
PICO RIVERA,"  22,344,521 ","  18,095,049 ","  18,214,586 ","  14,932,242 ","  16,525,768 ","  18,882,235 ","  21,023,041 ","  19,590,478 ","  18,645,200 ","  15,702,535 ","  13,092,580 "
BUELLTON,"  11,498,788 ","  12,598,600 ","  10,887,624 ","  12,172,335 ","  8,371,493 ","  12,676,633 ","  12,664,744 ","  14,623,918 ","  12,965,058 ","  15,569,609 ","  13,029,910 "
LINCOLN,"  14,702,060 ","  14,632,248 ","  14,442,991 ","  12,814,372 ","  14,016,866 ","  14,082,537 ","  15,499,058 ","  15,270,704 ","  14,649,530 ","  15,138,448 ","  12,926,389 "
DANVILLE,"  16,856,299 ","  16,538,380 ","  16,469,732 ","  17,377,390 ","  14,395,451 ","  13,173,543 ","  16,309,350 ","  16,540,808 ","  14,932,219 ","  15,242,641 ","  12,888,905 "
LOS BANOS,"  12,503,716 ","  12,366,958 ","  9,737,513 ","  7,315,973 ","  13,402,837 ","  15,297,073 ","  17,539,045 ","  18,766,377 ","  28,037,617 ","  16,284,363 ","  12,884,204 "
GOLETA,"  14,114,872 ","  17,329,419 ","  16,710,353 ","  15,028,900 ","  13,190,592 ","  15,504,870 ","  14,142,349 ","  16,862,245 ","  16,542,058 ","  15,872,785 ","  12,835,655 "
SAN BRUNO,"  11,880,413 ","  16,206,701 ","  17,615,227 ","  14,397,064 ","  9,013,537 ","  14,906,609 ","  20,110,433 ","  24,117,591 ","  18,692,943 ","  18,251,666 ","  12,752,589 "
PLACERVILLE,"  10,721,840 ","  13,300,775 ","  15,625,467 ","  11,695,440 ","  8,329,901 ","  14,587,184 ","  16,483,746 ","  16,560,243 ","  15,072,940 ","  14,569,201 ","  12,732,729 "
HARBOR CITY,"  20,346,631 ","  20,291,501 ","  13,350,500 ","  13,450,446 ","  16,615,267 ","  13,424,708 ","  18,065,542 ","  18,558,678 ","  17,702,048 ","  15,553,837 ","  12,701,156 "
NEWHALL,"  24,194,637 ","  22,109,730 ","  21,588,520 ","  16,740,725 ","  14,809,084 ","  21,355,185 ","  21,042,724 ","  22,983,287 ","  19,595,608 ","  18,946,792 ","  12,666,515 "
COALINGA,"  10,914,075 ","  12,861,265 ","  12,776,759 ","  11,906,010 ","  7,165,485 ","  10,545,758 ","  14,130,286 ","  13,215,704 ","  14,538,335 ","  11,491,933 ","  12,531,747 "
YUCCA VALLEY,"  9,388,222 ","  8,443,370 ","  11,159,801 ","  7,363,924 ","  9,518,292 ","  12,386,624 ","  13,906,529 ","  14,565,571 ","  15,674,995 ","  14,309,440 ","  12,402,177 "
CARMICHAEL,"  14,731,483 ","  12,521,864 ","  12,249,559 ","  11,793,123 ","  7,597,637 ","  12,963,856 ","  13,454,800 ","  14,690,061 ","  12,923,218 ","  12,393,604 ","  12,393,935 "
SANGER,"  7,365,744 ","  9,520,798 ","  5,608,065 ","  8,783,555 ","  8,189,223 ","  10,589,306 ","  10,837,169 ","  13,756,235 ","  11,474,692 ","  12,749,704 ","  12,172,427 "
STANTON,"  10,414,528 ","  11,494,219 ","  9,008,806 ","  11,344,049 ","  11,893,304 ","  10,814,543 ","  11,852,273 ","  11,768,202 ","  12,523,476 ","  10,791,482 ","  12,144,495 "
BEAUMONT,"  7,052,941 ","  11,765,159 ","  7,800,452 ","  10,346,701 ","  9,755,332 ","  12,831,056 ","  11,955,042 ","  15,570,671 ","  12,775,184 ","  11,756,278 ","  12,138,586 "
DAVIS,"  16,419,243 ","  11,163,147 ","  14,809,641 ","  16,511,955 ","  12,804,329 ","  16,598,602 ","  19,939,081 ","  20,616,123 ","  14,237,229 ","  17,391,378 ","  11,928,417 "
MOORPARK,"  13,277,524 ","  13,062,315 ","  12,807,775 ","  12,869,158 ","  11,205,342 ","  13,233,692 ","  14,026,501 ","  14,254,230 ","  12,388,702 ","  14,176,451 ","  11,775,212 "
MENLO PARK,"  18,901,522 ","  21,229,452 ","  20,553,249 ","  17,424,190 ","  11,565,286 ","  11,246,657 ","  17,049,012 ","  18,802,910 ","  13,218,053 ","  13,394,156 ","  11,708,232 "
MONTEREY,"  19,213,563 ","  17,601,595 ","  19,828,486 ","  17,704,388 ","  14,732,853 ","  19,567,504 ","  17,530,788 ","  17,163,249 ","  17,621,587 ","  15,533,590 ","  11,674,234 "
NEWPORT BEACH,"  19,738,463 ","  19,112,849 ","  20,221,080 ","  17,047,876 ","  18,241,014 ","  19,127,754 ","  19,367,877 ","  18,171,112 ","  14,357,570 ","  16,507,768 ","  11,626,981 "
LA MIRADA,"  15,240,640 ","  17,420,794 ","  15,771,679 ","  12,499,277 ","  12,662,942 ","  13,547,795 ","  16,167,415 ","  16,441,932 ","  15,355,139 ","  12,549,652 ","  11,605,246 "
LEMON GROVE,"  11,124,336 ","  12,909,372 ","  14,844,541 ","  14,499,432 ","  12,042,354 ","  14,000,626 ","  18,028,281 ","  16,783,391 ","  14,732,137 ","  13,728,045 ","  11,601,572 "
LAWNDALE,"  15,404,483 ","  12,748,044 ","  13,249,405 ","  22,061,327 ","  13,618,297 ","  14,023,727 ","  13,824,129 ","  15,609,140 ","  14,706,463 ","  14,984,639 ","  11,570,425 "
REDONDO BEACH,"  17,030,321 ","  17,143,418 ","  15,909,906 ","  15,516,459 ","  14,513,613 ","  15,118,164 ","  13,922,667 ","  13,809,470 ","  12,813,147 ","  13,439,129 ","  11,480,658 "
CANYON COUNTRY,"  20,020,176 ","  16,143,128 ","  18,309,694 ","  14,726,150 ","  17,632,302 ","  15,062,401 ","  14,799,060 ","  17,309,974 ","  16,382,250 ","  18,629,119 ","  11,464,408 "
HUNTINGTON PARK,"  9,235,537 ","  9,285,557 ","  9,212,990 ","  8,959,972 ","  10,823,469 ","  17,205,175 ","  12,068,078 ","  13,169,959 ","  13,103,020 ","  13,122,202 ","  11,373,227 "
HACIENDA HEIGHTS,"  16,367,260 ","  16,965,236 ","  16,387,487 ","  17,479,477 ","  16,723,389 ","  11,988,280 ","  17,265,287 ","  15,214,203 ","  14,888,207 ","  14,338,138 ","  11,319,212 "
HOLLISTER,"  14,580,917 ","  15,469,235 ","  18,533,358 ","  14,903,642 ","  11,627,636 ","  13,913,354 ","  16,686,051 ","  19,387,181 ","  15,960,851 ","  14,061,107 ","  11,251,990 "
SONORA,"  8,006,303 ","  7,608,801 ","  9,721,427 ","  6,427,885 ","  9,223,849 ","  12,359,919 ","  12,730,451 ","  13,692,156 ","  13,818,158 ","  12,676,730 ","  11,129,014 "
ATWATER,"  8,365,703 ","  7,640,365 ","  7,016,785 ","  7,143,441 ","  2,132,194 ","  6,887,435 ","  11,280,161 ","  11,478,938 ","  12,238,632 ","  12,238,906 ","  11,116,606 "
LAGUNA HILLS,"  15,535,610 ","  13,553,032 ","  12,922,909 ","  10,665,537 ","  11,579,790 ","  10,929,257 ","  13,593,797 ","  12,614,111 ","  12,965,752 ","  14,475,127 ","  10,844,618 "
OAKDALE,"  20,760,686 ","  16,501,463 ","  13,278,553 ","  11,557,109 ","  6,876,777 ","  9,208,798 ","  12,263,007 ","  13,075,103 ","  11,692,674 ","  12,724,013 ","  10,764,157 "
MISSION HILLS,"  17,373,797 ","  16,605,819 ","  12,029,606 ","  11,625,833 ","  12,469,634 ","  10,944,458 ","  14,842,739 ","  14,547,889 ","  14,433,253 ","  13,726,981 ","  10,727,841 "
DESERT HOT SPRINGS,"  11,212,313 ","  8,807,450 ","  11,729,256 ","  11,417,319 ","  7,657,353 ","  11,050,383 ","  14,428,504 ","  14,842,828 ","  13,974,967 ","  11,943,221 ","  10,717,652 "
ALISO VIEJO,"  16,686,635 ","  16,647,628 ","  15,018,818 ","  14,937,710 ","  13,267,247 ","  12,987,904 ","  17,833,468 ","  16,051,251 ","  12,158,708 ","  12,578,519 ","  10,615,708 "
SONOMA,"  9,988,567 ","  11,724,453 ","  11,376,718 ","  6,213,550 ","  10,751,463 ","  11,893,982 ","  12,689,727 ","  11,734,093 ","  10,385,002 ","  12,105,477 ","  10,498,599 "
BLOOMINGTON,"  9,797,290 ","  5,426,157 ","  8,337,002 ","  7,005,890 ","  8,263,687 ","  8,047,838 ","  12,941,280 ","  13,128,728 ","  11,906,851 ","  9,609,938 ","  10,483,433 "
DANA POINT,"  15,692,783 ","  13,966,714 ","  13,233,277 ","  14,167,628 ","  13,461,860 ","  11,999,853 ","  13,387,281 ","  13,643,590 ","  13,538,477 ","  12,135,966 ","  10,445,307 "
UNION CITY,"  12,255,424 ","  12,820,830 ","  12,742,691 ","  11,534,005 ","  5,710,583 ","  9,173,448 ","  11,541,934 ","  12,512,751 ","  11,899,931 ","  12,995,286 ","  10,274,232 "
LOS GATOS,"  11,961,353 ","  12,578,190 ","  16,567,199 ","  12,686,368 ","  11,781,961 ","  11,947,368 ","  13,998,187 ","  13,780,074 ","  15,161,228 ","  13,489,002 ","  10,256,197 "
SELMA,"  9,485,631 ","  6,955,180 ","  9,621,972 ","  7,140,888 ","  5,078,794 ","  9,309,131 ","  12,039,223 ","  10,799,750 ","  10,049,584 ","  8,503,657 ","  10,181,778 "
LATHROP,"  9,696,966 ","  7,894,559 ","  10,639,160 ","  5,905,796 ","  5,606,654 ","  11,278,041 ","  12,548,626 ","  14,191,179 ","  16,490,591 ","  15,745,191 ","  10,139,577 "
BLYTHE,"  6,960,760 ","  8,304,879 ","  8,047,973 ","  5,750,317 ","  7,240,418 ","  6,834,846 ","  8,521,415 ","  7,254,976 ","  7,196,651 ","  6,053,191 ","  10,016,793 "
ROSEMEAD,"  12,769,790 ","  12,694,351 ","  12,011,674 ","  11,858,418 ","  11,193,571 ","  12,572,686 ","  12,507,199 ","  12,773,507 ","  11,042,970 ","  13,898,812 ","  9,975,600 "
PATTERSON,"  4,878,142 ","  5,261,231 ","  4,836,242 ","  4,566,491 ","  1,565,763 ","  4,342,018 ","  9,629,519 ","  12,738,068 ","  9,499,018 ","  10,859,853 ","  9,964,924 "
PALO ALTO,"  14,103,468 ","  16,509,883 ","  14,679,469 ","  12,951,553 ","  2,979,586 ","  16,335,925 ","  18,230,238 ","  16,610,262 ","  12,780,488 ","  14,400,058 ","  9,763,919 "
CUPERTINO,"  18,090,069 ","  17,940,116 ","  16,766,964 ","  15,966,802 ","  16,737,511 ","  12,701,277 ","  16,889,694 ","  15,474,378 ","  15,005,020 ","  16,801,108 ","  9,737,131 "
CASTAIC,"  9,875,613 ","  12,566,692 ","  9,100,636 ","  8,187,917 ","  8,464,504 ","  11,491,033 ","  11,893,537 ","  11,587,169 ","  10,774,318 ","  11,285,164 ","  9,724,965 "
SOUTH EL MONTE,"  25,286,624 ","  18,664,374 ","  17,648,581 ","  13,886,971 ","  8,629,599 ","  10,338,599 ","  13,742,301 ","  9,032,055 ","  13,761,819 ","  13,085,783 ","  9,614,864 "
LAKESIDE,"  11,494,810 ","  11,024,739 ","  11,152,978 ","  10,290,929 ","  7,490,185 ","  9,950,980 ","  13,790,260 ","  11,305,743 ","  10,412,707 ","  10,084,329 ","  9,540,398 "
ANDERSON,"  8,947,605 ","  10,283,271 ","  9,284,999 ","  8,918,799 ","  6,740,984 ","  8,557,859 ","  9,962,768 ","  11,025,013 ","  10,026,902 ","  10,090,125 ","  9,520,371 "
NORTH HIGHLANDS,"  13,645,664 ","  11,358,188 ","  8,748,476 ","  9,791,628 ","  8,479,581 ","  10,266,811 ","  10,025,175 ","  5,557,615 ","  11,150,647 ","  6,501,156 ","  9,463,913 "
ARROYO GRANDE,"  11,923,951 ","  10,993,553 ","  8,200,405 ","  9,130,478 ","  7,631,900 ","  11,033,238 ","  12,578,014 ","  11,639,849 ","  11,485,069 ","  11,449,826 ","  9,456,834 "
LOST HILLS,"  15,672,790 ","  17,894,759 ","  14,039,427 ","  15,309,486 ","  9,699,847 ","  12,913,171 ","  15,281,126 ","  15,813,178 ","  14,461,339 ","  11,645,102 ","  9,449,550 "
CERRITOS,"  11,501,336 ","  10,416,889 ","  12,403,326 ","  10,863,728 ","  9,695,837 ","  9,133,727 ","  15,453,604 ","  12,496,860 ","  11,267,658 ","  10,890,375 ","  9,446,706 "
SANTA PAULA,"  7,537,063 ","  7,917,082 ","  7,087,378 ","  6,046,113 ","  5,998,110 ","  4,809,813 ","  7,803,932 ","  8,536,348 ","  6,560,671 ","  8,951,958 ","  9,368,909 "
SAN GABRIEL,"  20,576,594 ","  22,421,331 ","  19,688,159 ","  9,774,391 ","  17,315,414 ","  14,654,363 ","  16,697,382 ","  17,353,737 ","  16,515,460 ","  15,526,993 ","  9,258,020 "
SAN FERNANDO,"  14,779,742 ","  14,595,507 ","  19,036,048 ","  9,562,816 ","  10,178,344 ","  7,207,485 ","  14,046,013 ","  12,659,316 ","  10,195,230 ","  11,307,692 ","  9,249,466 "
ARVIN,"  5,453,913 ","  5,714,769 ","  6,241,792 ","  7,975,222 ","  6,085,029 ","  11,986,030 ","  9,068,401 ","  8,615,205 ","  11,036,693 ","  10,902,635 ","  9,224,776 "
CORNING,"  9,345,825 ","  9,696,636 ","  8,141,394 ","  8,400,730 ","  5,743,555 ","  9,718,061 ","  9,550,432 ","  9,981,151 ","  9,972,494 ","  10,449,239 ","  9,114,157 "
RAMONA,"  11,372,720 ","  11,618,603 ","  11,401,103 ","  7,393,004 ","  7,520,946 ","  7,072,148 ","  11,114,839 ","  8,986,919 ","  9,575,432 ","  9,580,498 ","  9,097,289 "
FIREBAUGH,"  9,862,501 ","  12,049,638 ","  11,503,936 ","  8,403,400 ","  6,139,968 ","  5,502,967 ","  8,894,682 ","  7,392,766 ","  8,330,834 ","  8,556,855 ","  8,990,943 "
FAIR OAKS,"  18,731,082 ","  17,517,180 ","  16,204,390 ","  13,600,115 ","  10,607,733 ","  14,808,439 ","  15,120,042 ","  14,265,813 ","  10,813,092 ","  14,315,220 ","  8,988,754 "
BANNING,"  11,196,325 ","  10,189,842 ","  9,122,763 ","  9,598,850 ","  9,659,556 ","  9,427,089 ","  11,511,100 ","  11,929,184 ","  9,464,930 ","  10,789,788 ","  8,958,325 "
TARZANA,"  13,561,138 ","  12,883,411 ","  13,022,783 ","  11,158,197 ","  14,863,424 ","  15,257,219 ","  14,489,172 ","  13,802,574 ","  12,994,737 ","  9,519,239 ","  8,879,588 "
RANCHO SANTA MARGARITA,"  13,925,498 ","  14,610,813 ","  14,305,659 ","  14,249,825 ","  14,156,943 ","  13,207,958 ","  14,314,142 ","  14,139,274 ","  13,237,755 ","  12,673,269 ","  8,878,406 "
BENICIA,"  13,709,648 ","  13,896,430 ","  12,752,722 ","  12,904,121 ","  9,672,602 ","  12,437,398 ","  12,405,471 ","  12,839,522 ","  11,888,387 ","  11,033,815 ","  8,693,953 "
BISHOP,"  9,320,112 ","  9,192,056 ","  8,611,020 ","  8,150,507 ","  7,604,178 ","  8,889,540 ","  10,314,198 ","  10,723,394 ","  9,748,023 ","  9,578,855 ","  8,516,482 "
NEWBURY PARK,"  13,156,805 ","  14,064,126 ","  13,025,107 ","  10,292,812 ","  13,347,057 ","  11,616,199 ","  12,533,471 ","  14,729,818 ","  15,590,753 ","  13,392,175 ","  8,449,874 "
NEWARK,"  8,167,529 ","  12,086,969 ","  11,937,296 ","  12,360,663 ","  7,938,456 ","  7,150,077 ","  13,609,277 ","  11,714,859 ","  11,362,637 ","  13,943,933 ","  8,279,999 "
LA CANADA FLINTRIDGE,"  12,993,731 ","  7,741,694 ","  12,438,029 ","  9,918,830 ","  14,640,649 ","  10,900,453 ","  15,090,791 ","  10,726,384 ","  9,871,044 ","  10,293,071 ","  8,261,233 "
WESTLAKE VILLAGE,"  8,863,639 ","  7,780,590 ","  8,070,138 ","  8,614,260 ","  8,602,131 ","  8,559,760 ","  11,517,008 ","  12,210,023 ","  9,279,760 ","  10,847,597 ","  8,222,279 "
FARMERSVILLE,"  4,502,103 ","  4,868,709 ","  5,883,068 ","  4,008,987 ","  4,856,618 ","  6,155,326 ","  5,055,480 ","  6,407,051 ","  7,158,093 ","  6,081,023 ","  8,152,614 "
ENCINO,"  10,765,183 ","  10,497,548 ","  10,377,669 ","  10,508,762 ","  12,510,771 ","  11,019,340 ","  12,558,692 ","  9,599,051 ","  12,002,656 ","  14,543,735 ","  8,047,838 "
OROVILLE,"  14,691,787 ","  12,495,096 ","  12,628,915 ","  11,330,262 ","  10,097,560 ","  13,214,091 ","  12,268,803 ","  15,374,667 ","  17,172,595 ","  9,324,623 ","  8,022,200 "
LOMITA,"  10,199,330 ","  10,028,191 ","  9,881,123 ","  10,193,100 ","  5,143,276 ","  8,211,622 ","  10,008,066 ","  8,497,212 ","  9,894,963 ","  9,922,379 ","  8,007,306 "
SAN YSIDRO,"  7,061,232 ","  8,685,416 ","  7,392,514 ","  7,119,174 ","  9,206,354 ","  9,900,390 ","  9,398,394 ","  11,746,215 ","  13,163,839 ","  12,508,688 ","  7,962,323 "
MILLBRAE,"  6,867,940 ","  8,620,195 ","  6,303,593 ","  6,191,081 ","  6,381,663 ","  10,538,034 ","  10,933,168 ","  11,661,931 ","  13,837,226 ","  14,568,403 ","  7,959,265 "
ORLAND,"  3,423,431 ","  4,637,606 ","  3,853,730 ","  4,531,607 ","  4,665,018 ","  5,666,935 ","  7,560,101 ","  8,694,233 ","  8,045,934 ","  8,006,969 ","  7,897,103 "
KING CITY,"  5,760,601 ","  4,776,069 ","  4,495,307 ","  4,677,882 ","  4,259,573 ","  5,776,428 ","  5,975,317 ","  9,820,126 ","  9,969,357 ","  9,800,908 ","  7,797,899 "
MARINA DEL REY,"  9,192,736 ","  8,093,018 ","  9,442,495 ","  8,915,853 ","  9,428,043 ","  9,195,420 ","  5,969,284 ","  6,434,464 ","  6,026,509 ","  8,295,649 ","  7,767,099 "
RIVERBANK,"  8,170,465 ","  4,107,129 ","  8,336,552 ","  7,639,409 ","  4,239,671 ","  8,857,142 ","  9,358,574 ","  9,651,257 ","  9,534,710 ","  5,796,398 ","  7,711,598 "
WILMINGTON,"  10,744,344 ","  13,454,199 ","  16,065,472 ","  10,150,894 ","  5,259,043 ","  4,487,155 ","  9,246,223 ","  9,261,220 ","  8,599,719 ","  8,380,953 ","  7,683,000 "
MONROVIA,"  13,066,785 ","  11,879,595 ","  11,437,511 ","  11,675,884 ","  11,445,027 ","  11,038,683 ","  10,753,238 ","  12,760,346 ","  11,237,852 ","  9,962,344 ","  7,666,854 "
RIDGECREST,"  8,473,399 ","  6,727,045 ","  8,092,602 ","  7,839,356 ","  7,919,577 ","  8,275,962 ","  9,665,204 ","  8,778,366 ","  8,101,569 ","  9,597,258 ","  7,612,149 "
CHOWCHILLA,"  6,675,050 ","  6,498,742 ","  6,173,299 ","  4,874,673 ","  4,408,567 ","  6,203,665 ","  7,484,147 ","  8,234,851 ","  7,653,989 ","  8,025,598 ","  7,582,352 "
BRAWLEY,"  7,610,036 ","  6,528,293 ","  6,027,999 ","  4,083,541 ","  8,702,130 ","  7,980,964 ","  8,643,118 ","  5,951,547 ","  6,578,345 ","  9,404,053 ","  7,364,401 "
CALABASAS,"  11,370,196 ","  10,956,341 ","  10,893,360 ","  8,849,495 ","  9,769,855 ","  8,806,612 ","  7,031,462 ","  9,473,332 ","  8,820,564 ","  8,423,876 ","  7,225,474 "
BELMONT,"  8,090,153 ","  7,028,674 ","  6,559,165 ","  6,972,646 ","  6,373,375 ","  5,430,982 ","  7,294,873 ","  4,687,779 ","  7,257,005 ","  8,198,280 ","  7,175,843 "
SANTA FE SPRINGS,"  9,429,628 ","  7,834,271 ","  9,260,499 ","  9,321,400 ","  7,210,535 ","  10,568,040 ","  10,742,739 ","  8,362,027 ","  9,046,793 ","  8,804,094 ","  7,117,781 "
EL SOBRANTE,"  7,357,960 ","  9,176,631 ","  6,726,886 ","  9,434,604 ","  8,110,261 ","  9,351,135 ","  10,926,447 ","  10,624,574 ","  9,124,494 ","  10,326,923 ","  7,061,614 "
MALIBU,"  4,612,582 ","  5,979,398 ","  7,312,292 ","  6,967,030 ","  7,680,740 ","  8,287,094 ","  7,795,419 ","  9,442,967 ","  8,476,306 ","  8,428,090 ","  7,033,767 "
LIVINGSTON,"  6,928,040 ","  8,116,768 ","  7,960,896 ","  8,067,275 ","  5,348,171 ","  8,903,939 ","  8,924,656 ","  8,873,010 ","  8,866,732 ","  4,449,310 ","  6,943,447 "
EL SEGUNDO,"  8,194,030 ","  12,725,155 ","  12,335,607 ","  12,338,648 ","  8,369,527 ","  8,409,319 ","  10,518,377 ","  8,032,415 ","  7,867,422 ","  9,253,423 ","  6,846,676 "
SEAL BEACH,"  13,598,074 ","  11,660,120 ","  9,047,359 ","  6,013,265 ","  6,233,147 ","  6,250,233 ","  9,753,585 ","  7,988,725 ","  9,427,532 ","  6,844,121 ","  6,842,056 "
ADELANTO,"  2,831,701 ","  3,044,309 ","  3,646,488 ","  3,022,674 ","  2,983,831 ","  3,199,715 ","  3,390,543 ","  3,496,456 ","  5,564,028 ","  4,800,597 ","  6,733,313 "
IMPERIAL BEACH,"  7,579,222 ","  3,787,468 ","  6,741,460 ","  5,240,025 ","  4,275,900 ","  6,938,959 ","  6,406,124 ","  6,858,902 ","  6,800,512 ","  5,935,105 ","  6,646,812 "
YREKA,"  6,650,477 ","  4,677,707 ","  6,078,008 ","  2,543,889 ","  3,182,206 ","  6,620,746 ","  7,065,732 ","  7,262,296 ","  6,929,743 ","  7,298,747 ","  6,629,430 "
SUN CITY,"  8,650,356 ","  7,853,585 ","  7,841,952 ","  9,073,720 ","  8,147,429 ","  10,046,521 ","  9,220,273 ","  9,696,976 ","  11,042,627 ","  10,822,444 ","  6,493,592 "
MOJAVE,"  4,862,491 ","  6,971,357 ","  5,665,286 ","  6,900,603 ","  7,222,729 ","  7,471,513 ","  8,825,166 ","  7,484,665 ","  7,614,028 ","  8,185,085 ","  6,422,138 "
STUDIO CITY,"  9,920,669 ","  11,676,207 ","  10,828,342 ","  9,076,032 ","  10,167,251 ","  10,525,057 ","  10,433,905 ","  10,943,313 ","  9,381,046 ","  10,334,433 ","  6,332,396 "
CAMERON PARK,"  12,537,015 ","  11,859,782 ","  11,959,137 ","  10,250,450 ","  5,030,831 ","  12,391,977 ","  11,780,939 ","  12,136,283 ","  10,481,779 ","  10,136,910 ","  6,271,654 "
COTATI,"  8,378,910 ","  7,901,412 ","  7,279,453 ","  8,351,602 ","  7,618,528 ","  7,571,564 ","  6,410,822 ","  8,744,528 ","  8,007,688 ","  6,468,955 ","  6,203,231 "
LINDSAY,"  5,917,232 ","  9,006,532 ","  7,736,421 ","  7,777,900 ","  7,549,570 ","  3,550,186 ","  8,384,919 ","  4,849,283 ","  7,250,315 ","  7,056,784 ","  6,137,538 "
SOUTH LAKE TAHOE,"  6,448,848 ","  6,532,026 ","  7,132,292 ","  10,600,265 ","  6,265,551 ","  8,032,955 ","  12,072,636 ","  5,189,795 ","  6,736,222 ","  6,711,642 ","  6,017,311 "
ARCATA,"  6,397,370 ","  6,438,553 ","  4,742,336 ","  10,919,415 ","  3,397,008 ","  6,150,686 ","  6,570,457 ","  6,119,929 ","  6,330,484 ","  6,021,561 ","  6,016,331 "
FILLMORE,"  6,340,257 ","  5,923,312 ","  5,992,288 ","  6,162,634 ","  5,431,050 ","  6,698,905 ","  6,842,409 ","  5,351,214 ","  6,908,254 ","  6,707,997 ","  6,011,379 "
TWENTYNINE PALMS,"  6,684,314 ","  6,477,485 ","  6,036,673 ","  5,148,962 ","  5,073,290 ","  5,338,576 ","  6,606,558 ","  6,587,168 ","  6,037,672 ","  6,505,955 ","  5,984,145 "
DEL MAR,"  9,000,905 ","  9,637,156 ","  8,722,595 ","  8,504,666 ","  8,202,314 ","  8,420,931 ","  8,316,994 ","  8,415,561 ","  8,104,715 ","  7,541,286 ","  5,953,886 "
CORONA DEL MAR,"  7,919,098 ","  9,727,155 ","  9,307,979 ","  9,029,948 ","  8,675,114 ","  7,235,157 ","  6,663,135 ","  7,778,362 ","  8,871,630 ","  7,476,563 ","  5,895,537 "
FORTUNA,"  6,370,588 ","  4,996,099 ","  5,758,503 ","  5,601,927 ","  2,969,699 ","  6,023,492 ","  7,916,350 ","  6,909,590 ","  6,421,327 ","  5,006,469 ","  5,862,507 "
LAKEPORT,"  7,493,350 ","  6,590,736 ","  6,623,867 ","  8,283,312 ","  8,569,461 ","  8,720,082 ","  7,957,257 ","  7,287,914 ","  6,836,083 ","  6,269,486 ","  5,840,937 "
BURLINGAME,"  7,819,461 ","  8,772,718 ","  9,524,432 ","  9,649,787 ","  5,578,561 ","  8,771,325 ","  9,603,934 ","  8,012,057 ","  7,253,776 ","  10,093,750 ","  5,812,616 "
REEDLEY,"  16,723,596 ","  8,393,266 ","  8,475,921 ","  6,658,834 ","  3,130,678 ","  5,839,952 ","  8,023,313 ","  7,210,680 ","  6,841,712 ","  7,226,009 ","  5,800,456 "
ARTESIA,"  8,796,711 ","  7,709,018 ","  8,358,184 ","  5,690,609 ","  5,957,690 ","  6,034,237 ","  10,456,852 ","  10,627,843 ","  10,885,637 ","  9,638,181 ","  5,774,384 "
SOLEDAD,"  5,705,634 ","  5,528,338 ","  5,363,077 ","  5,492,085 ","  4,790,140 ","  4,514,402 ","  5,523,624 ","  6,517,509 ","  8,696,301 ","  8,813,103 ","  5,740,721 "
FORT BRAGG,"  7,569,185 ","  5,876,485 ","  8,353,206 ","  5,328,610 ","  5,374,177 ","  5,116,954 ","  6,314,334 ","  6,259,647 ","  7,162,561 ","  5,288,032 ","  5,565,703 "
LAFAYETTE,"  6,246,412 ","  7,326,615 ","  7,721,277 ","  8,679,226 ","  4,671,594 ","  4,497,798 ","  7,804,923 ","  7,449,758 ","  7,935,595 ","  7,646,467 ","  5,453,284 "
WILLOWS,"  7,352,486 ","  6,533,385 ","  6,187,449 ","  6,274,157 ","  6,316,459 ","  6,890,826 ","  6,543,215 ","  6,742,516 ","  5,891,074 ","  6,005,893 ","  5,434,095 "
CARMEL,"  2,980,135 ","  5,099,582 ","  4,072,282 ","  6,375,821 ","  5,935,112 ","  6,855,518 ","  7,059,445 ","  6,054,651 ","  7,054,544 ","  6,795,505 ","  5,389,148 "
WEST HOLLYWOOD,"  8,527,000 ","  7,698,184 ","  7,744,081 ","  11,441,820 ","  8,118,108 ","  7,584,393 ","  9,332,650 ","  8,511,131 ","  6,284,152 ","  7,062,512 ","  5,357,985 "
TAFT,"  4,845,230 ","  4,484,937 ","  4,759,417 ","  4,966,215 ","  5,040,213 ","  5,733,240 ","  5,739,155 ","  5,813,330 ","  7,143,411 ","  4,761,017 ","  5,279,536 "
WILLITS,"  8,241,346 ","  8,667,245 ","  9,237,668 ","  9,920,018 ","  6,348,765 ","  7,201,168 ","  8,020,354 ","  6,823,850 ","  5,486,003 ","  4,855,473 ","  5,127,962 "
PISMO BEACH,"  6,445,131 ","  7,947,589 ","  7,897,052 ","  7,004,088 ","  3,762,184 ","  3,499,585 ","  7,302,885 ","  6,263,526 ","  5,859,072 ","  5,359,043 ","  5,063,767 "
HEALDSBURG,"  6,406,100 ","  6,141,024 ","  6,355,646 ","  6,699,737 ","  8,546,479 ","  7,803,366 ","  8,768,097 ","  7,500,302 ","  6,970,723 ","  6,035,194 ","  5,054,764 "
WASCO,"  3,550,745 ","  2,805,636 ","  2,801,443 ","  2,912,032 ","  2,910,429 ","  3,183,524 ","  5,293,193 ","  5,071,905 ","  4,629,370 ","  4,593,901 ","  4,915,099 "
SHAFTER,"  3,199,698 ","  3,661,711 ","  3,890,372 ","  4,826,712 ","  5,542,113 ","  6,259,791 ","  6,436,215 ","  6,172,874 ","  6,280,336 ","  5,943,228 ","  4,823,129 "
RANCHO PALOS VERDES,"  7,724,822 ","  8,647,224 ","  8,078,018 ","  8,092,380 ","  7,377,628 ","  8,252,435 ","  8,177,856 ","  7,625,904 ","  7,101,285 ","  5,872,335 ","  4,777,040 "
LAMONT,"  6,194,479 ","  3,622,255 ","  3,699,121 ","  6,099,947 ","  4,965,035 ","  5,368,171 ","  6,398,014 ","  6,808,967 ","  6,204,489 ","  3,816,605 ","  4,752,797 "
KINGSBURG,"  6,246,497 ","  6,325,491 ","  3,128,994 ","  4,734,041 ","  2,039,810 ","  3,093,838 ","  8,293,837 ","  8,294,217 ","  5,209,353 ","  7,219,557 ","  4,479,970 "
CARPINTERIA,"  11,311,600 ","  12,029,252 ","  11,886,970 ","  12,142,418 ","  11,301,656 ","  10,725,075 ","  10,208,964 ","  9,636,928 ","  8,856,733 ","  5,848,217 ","  4,416,987 "
SUISUN CITY,"  6,792,335 ","  10,650,853 ","  10,486,909 ","  7,958,621 ","  8,377,481 ","  9,226,953 ","  8,931,808 ","  10,858,101 ","  7,367,746 ","  5,586,403 ","  4,281,036 "
SUSANVILLE,"  5,095,137 ","  4,850,367 ","  4,506,001 ","  3,461,975 ","  4,659,332 ","  5,225,968 ","  4,813,793 ","  3,530,489 ","  3,342,491 ","  3,784,370 ","  4,276,699 "
LAGUNA BEACH,"  8,133,981 ","  7,524,968 ","  5,334,805 ","  3,586,114 ","  5,693,801 ","  5,724,579 ","  10,326,616 ","  5,346,940 ","  6,153,041 ","  6,183,861 ","  4,161,608 "
CRESCENT CITY,"  5,505,828 ","  5,266,804 ","  5,196,169 ","  4,032,555 ","  3,990,054 ","  4,010,670 ","  4,910,266 ","  4,944,780 ","  4,501,597 ","  3,148,853 ","  4,055,774 "
FALLBROOK,"  10,784,727 ","  10,548,016 ","  10,128,013 ","  10,183,158 ","  11,273,112 ","  5,910,532 ","  10,718,554 ","  7,365,852 ","  6,984,918 ","  5,970,849 ","  3,608,611 "
LIVE OAK,"  4,382,448 ","  4,307,664 ","  4,677,041 ","  4,454,054 ","  4,569,675 ","  5,036,815 ","  4,596,818 ","  4,513,490 ","  4,626,940 ","  4,551,119 ","  3,596,951 "
SAN CARLOS,"  4,345,006 ","  7,125,545 ","  7,170,437 ","  7,514,833 ","  4,569,340 ","  5,726,288 ","  7,105,977 ","  7,318,689 ","  4,917,749 ","  5,951,494 ","  3,566,996 "
MARIPOSA,"  3,560,934 ","  4,184,662 ","  3,346,722 ","  2,247,337 ","  5,283,946 ","  3,986,742 ","  4,383,011 ","  4,389,158 ","  4,083,990 ","  5,121,381 ","  3,427,322 "
ROWLAND HEIGHTS,"  6,615,527 ","  6,584,746 ","  8,350,514 ","  7,940,591 ","  7,857,678 ","  6,012,908 ","  6,761,768 ","  8,510,420 ","  7,976,932 ","  4,272,937 ","  3,241,286 "
JAMESTOWN,"  3,381,041 ","  3,186,398 ","  2,797,816 ","  2,802,844 ","  2,839,468 ","  3,319,446 ","  3,567,929 ","  3,851,912 ","  3,865,192 ","  3,847,631 ","  3,154,846 "
AVENAL,"  5,098,979 ","  5,057,154 ","  3,681,337 ","  4,502,712 ","  3,902,354 ","  5,114,578 ","  3,557,080 ","  4,158,563 ","  3,228,252 ","  3,190,573 ","  2,997,679 "
PARADISE,"  7,835,551 ","  9,459,933 ","  6,628,310 ","  6,579,072 ","  6,023,551 ","  7,181,204 ","  10,214,292 ","  10,009,953 ","  7,693,650 ","  1,599,028 ","  2,930,659 "
DOS PALOS,"  1,895,451 ","  1,963,102 ","  2,158,303 ","  3,144,116 ","  3,119,857 ","  2,549,044 ","  3,678,522 ","  3,361,169 ","  2,728,566 ","  2,379,250 ","  2,157,239 "
QUINCY,"  2,360,561 ","  4,531,877 ","  2,418,894 ","  1,577,234 ","  2,659,001 ","  2,221,433 ","  1,927,929 ","  2,672,375 ","  3,464,343 ","  1,831,817 ","  2,112,113 "
ANGELS CAMP,"  1,331,741 ","  2,797,978 ","  1,663,664 ","  1,045,570 ","  1,470,884 ","  1,913,018 ","  2,215,584 ","  2,286,907 ","  2,178,426 ","  2,288,752 ","  1,774,643 "
NEEDLES,"  2,590,396 ","  2,450,049 ","  1,585,251 ","  1,794,034 ","  1,828,995 ","  2,259,731 ","  2,065,422 ","  2,129,009 ","  2,201,664 ","  2,170,556 ","  1,564,649 "